<?xml version="1.0" encoding="UTF-8"?>
<point_cloud version="1.2.0">
  <params>
    <dataType>uint8</dataType>
    <bands>
      <band label="Red"/>
      <band label="Green"/>
      <band label="Blue"/>
    </bands>
  </params>
  <tracks path="tracks.ply" count="61562"/>
  <points component_id="0" path="points0.ply" count="35630"/>
  <projections camera_id="0" path="p0.ply" count="4055"/>
  <projections camera_id="1" path="p1.ply" count="2990"/>
  <projections camera_id="2" path="p2.ply" count="4001"/>
  <projections camera_id="3" path="p3.ply" count="4022"/>
  <projections camera_id="4" path="p4.ply" count="5220"/>
  <projections camera_id="5" path="p5.ply" count="4037"/>
  <projections camera_id="6" path="p6.ply" count="2171"/>
  <projections camera_id="7" path="p7.ply" count="3582"/>
  <projections camera_id="8" path="p8.ply" count="3762"/>
  <projections camera_id="9" path="p9.ply" count="4014"/>
  <projections camera_id="10" path="p10.ply" count="351"/>
  <projections camera_id="11" path="p11.ply" count="3725"/>
  <projections camera_id="12" path="p12.ply" count="2710"/>
  <projections camera_id="13" path="p13.ply" count="2042"/>
  <projections camera_id="14" path="p14.ply" count="2012"/>
  <projections camera_id="15" path="p15.ply" count="3759"/>
  <projections camera_id="16" path="p16.ply" count="4252"/>
  <projections camera_id="17" path="p17.ply" count="4001"/>
  <projections camera_id="18" path="p18.ply" count="4294"/>
  <projections camera_id="19" path="p19.ply" count="2812"/>
  <projections camera_id="20" path="p20.ply" count="3011"/>
  <projections camera_id="21" path="p21.ply" count="3097"/>
  <projections camera_id="22" path="p22.ply" count="3223"/>
  <projections camera_id="23" path="p23.ply" count="4046"/>
  <projections camera_id="24" path="p24.ply" count="4617"/>
  <projections camera_id="25" path="p25.ply" count="5586"/>
  <projections camera_id="26" path="p26.ply" count="3708"/>
  <projections camera_id="27" path="p27.ply" count="3789"/>
  <projections camera_id="28" path="p28.ply" count="3204"/>
  <projections camera_id="29" path="p29.ply" count="2148"/>
  <projections camera_id="30" path="p30.ply" count="1937"/>
  <projections camera_id="31" path="p31.ply" count="1966"/>
  <projections camera_id="32" path="p32.ply" count="2403"/>
  <projections camera_id="33" path="p33.ply" count="2052"/>
  <projections camera_id="34" path="p34.ply" count="1930"/>
  <projections camera_id="35" path="p35.ply" count="2242"/>
  <projections camera_id="36" path="p36.ply" count="1349"/>
  <projections camera_id="37" path="p37.ply" count="642"/>
  <projections camera_id="38" path="p38.ply" count="1291"/>
  <projections camera_id="39" path="p39.ply" count="1637"/>
  <projections camera_id="40" path="p40.ply" count="242"/>
  <projections camera_id="41" path="p41.ply" count="4004"/>
  <projections camera_id="42" path="p42.ply" count="3456"/>
  <projections camera_id="43" path="p43.ply" count="1877"/>
  <projections camera_id="44" path="p44.ply" count="2931"/>
  <projections camera_id="45" path="p45.ply" count="3072"/>
  <projections camera_id="46" path="p46.ply" count="3831"/>
  <projections camera_id="47" path="p47.ply" count="3962"/>
  <projections camera_id="48" path="p48.ply" count="3455"/>
  <projections camera_id="49" path="p49.ply" count="3487"/>
  <projections camera_id="50" path="p50.ply" count="2977"/>
  <projections camera_id="51" path="p51.ply" count="3653"/>
  <projections camera_id="52" path="p52.ply" count="2896"/>
  <projections camera_id="53" path="p53.ply" count="2394"/>
  <projections camera_id="54" path="p54.ply" count="2319"/>
  <projections camera_id="55" path="p55.ply" count="2687"/>
  <projections camera_id="56" path="p56.ply" count="1749"/>
  <projections camera_id="57" path="p57.ply" count="3328"/>
  <projections camera_id="58" path="p58.ply" count="302"/>
  <projections camera_id="59" path="p59.ply" count="2637"/>
  <projections camera_id="60" path="p60.ply" count="2189"/>
  <projections camera_id="61" path="p61.ply" count="1577"/>
  <projections camera_id="62" path="p62.ply" count="3082"/>
  <projections camera_id="63" path="p63.ply" count="2416"/>
  <projections camera_id="64" path="p64.ply" count="4271"/>
  <projections camera_id="65" path="p65.ply" count="3483"/>
  <projections camera_id="66" path="p66.ply" count="1331"/>
  <projections camera_id="67" path="p67.ply" count="137"/>
  <meta>
    <property name="Info/LastSavedDateTime" value="2021:05:01 16:53:28"/>
    <property name="Info/LastSavedSoftwareVersion" value="1.7.1.11797"/>
    <property name="Info/OriginalDateTime" value="2021:05:01 16:38:33"/>
    <property name="Info/OriginalSoftwareVersion" value="1.7.1.11797"/>
    <property name="MatchPhotos/cameras" value=""/>
    <property name="MatchPhotos/descriptor_type" value="binary"/>
    <property name="MatchPhotos/descriptor_version" value="1.1.0"/>
    <property name="MatchPhotos/downscale" value="1"/>
    <property name="MatchPhotos/duration" value="735.502"/>
    <property name="MatchPhotos/filter_stationary_points" value="true"/>
    <property name="MatchPhotos/generic_preselection" value="true"/>
    <property name="MatchPhotos/guided_matching" value="false"/>
    <property name="MatchPhotos/keep_keypoints" value="false"/>
    <property name="MatchPhotos/keypoint_limit" value="40000"/>
    <property name="MatchPhotos/max_workgroup_size" value="100"/>
    <property name="MatchPhotos/ram_used" value="326979584"/>
    <property name="MatchPhotos/reference_preselection" value="false"/>
    <property name="MatchPhotos/reference_preselection_mode" value="0"/>
    <property name="MatchPhotos/reset_matches" value="false"/>
    <property name="MatchPhotos/subdivide_task" value="true"/>
    <property name="MatchPhotos/tiepoint_limit" value="4000"/>
    <property name="MatchPhotos/workitem_size_cameras" value="20"/>
    <property name="MatchPhotos/workitem_size_pairs" value="80"/>
  </meta>
</point_cloud>
