<?xml version="1.0" encoding="UTF-8"?>
<frame version="1.2.0">
  <cameras>
    <camera camera_id="0">
      <photo path="../../../Images/JPG/IMG_20210501_211035.jpg">
        <meta>
          <property name="Exif/ApertureValue" value="1.67"/>
          <property name="Exif/DateTime" value="2021:05:01 21:10:35"/>
          <property name="Exif/DateTimeOriginal" value="2021:05:01 21:10:35"/>
          <property name="Exif/ExposureTime" value="0.030303"/>
          <property name="Exif/FNumber" value="1.79"/>
          <property name="Exif/FocalLength" value="4.28"/>
          <property name="Exif/FocalLengthIn35mmFilm" value="25"/>
          <property name="Exif/ISOSpeedRatings" value="1616"/>
          <property name="Exif/Make" value="realme"/>
          <property name="Exif/Model" value="QCAM-AA"/>
          <property name="Exif/Orientation" value="1"/>
          <property name="Exif/ShutterSpeedValue" value="5.058"/>
          <property name="File/ImageHeight" value="3000"/>
          <property name="File/ImageWidth" value="4000"/>
          <property name="System/FileModifyDate" value="2021:05:01 21:10:36"/>
          <property name="System/FileSize" value="3194411"/>
        </meta>
      </photo>
    </camera>
    <camera camera_id="1">
      <photo path="../../../Images/JPG/IMG_20210501_211044.jpg">
        <meta>
          <property name="Exif/ApertureValue" value="1.67"/>
          <property name="Exif/DateTime" value="2021:05:01 21:10:44"/>
          <property name="Exif/DateTimeOriginal" value="2021:05:01 21:10:44"/>
          <property name="Exif/ExposureTime" value="0.030303"/>
          <property name="Exif/FNumber" value="1.79"/>
          <property name="Exif/FocalLength" value="4.28"/>
          <property name="Exif/FocalLengthIn35mmFilm" value="25"/>
          <property name="Exif/ISOSpeedRatings" value="1616"/>
          <property name="Exif/Make" value="realme"/>
          <property name="Exif/Model" value="QCAM-AA"/>
          <property name="Exif/Orientation" value="1"/>
          <property name="Exif/ShutterSpeedValue" value="5.058"/>
          <property name="File/ImageHeight" value="3000"/>
          <property name="File/ImageWidth" value="4000"/>
          <property name="System/FileModifyDate" value="2021:05:01 21:10:44"/>
          <property name="System/FileSize" value="3234572"/>
        </meta>
      </photo>
    </camera>
    <camera camera_id="2">
      <photo path="../../../Images/JPG/IMG_20210501_211053.jpg">
        <meta>
          <property name="Exif/ApertureValue" value="1.67"/>
          <property name="Exif/DateTime" value="2021:05:01 21:10:53"/>
          <property name="Exif/DateTimeOriginal" value="2021:05:01 21:10:53"/>
          <property name="Exif/ExposureTime" value="0.030303"/>
          <property name="Exif/FNumber" value="1.79"/>
          <property name="Exif/FocalLength" value="4.28"/>
          <property name="Exif/FocalLengthIn35mmFilm" value="25"/>
          <property name="Exif/ISOSpeedRatings" value="1616"/>
          <property name="Exif/Make" value="realme"/>
          <property name="Exif/Model" value="QCAM-AA"/>
          <property name="Exif/Orientation" value="1"/>
          <property name="Exif/ShutterSpeedValue" value="5.058"/>
          <property name="File/ImageHeight" value="3000"/>
          <property name="File/ImageWidth" value="4000"/>
          <property name="System/FileModifyDate" value="2021:05:01 21:10:53"/>
          <property name="System/FileSize" value="3220312"/>
        </meta>
      </photo>
    </camera>
    <camera camera_id="3">
      <photo path="../../../Images/JPG/IMG_20210501_211059.jpg">
        <meta>
          <property name="Exif/ApertureValue" value="1.67"/>
          <property name="Exif/DateTime" value="2021:05:01 21:10:59"/>
          <property name="Exif/DateTimeOriginal" value="2021:05:01 21:10:59"/>
          <property name="Exif/ExposureTime" value="0.030303"/>
          <property name="Exif/FNumber" value="1.79"/>
          <property name="Exif/FocalLength" value="4.28"/>
          <property name="Exif/FocalLengthIn35mmFilm" value="25"/>
          <property name="Exif/ISOSpeedRatings" value="1616"/>
          <property name="Exif/Make" value="realme"/>
          <property name="Exif/Model" value="QCAM-AA"/>
          <property name="Exif/Orientation" value="1"/>
          <property name="Exif/ShutterSpeedValue" value="5.058"/>
          <property name="File/ImageHeight" value="3000"/>
          <property name="File/ImageWidth" value="4000"/>
          <property name="System/FileModifyDate" value="2021:05:01 21:10:59"/>
          <property name="System/FileSize" value="3230496"/>
        </meta>
      </photo>
    </camera>
    <camera camera_id="4">
      <photo path="../../../Images/JPG/IMG_20210501_211109.jpg">
        <meta>
          <property name="Exif/ApertureValue" value="1.67"/>
          <property name="Exif/DateTime" value="2021:05:01 21:11:09"/>
          <property name="Exif/DateTimeOriginal" value="2021:05:01 21:11:09"/>
          <property name="Exif/ExposureTime" value="0.030303"/>
          <property name="Exif/FNumber" value="1.79"/>
          <property name="Exif/FocalLength" value="4.28"/>
          <property name="Exif/FocalLengthIn35mmFilm" value="25"/>
          <property name="Exif/ISOSpeedRatings" value="1616"/>
          <property name="Exif/Make" value="realme"/>
          <property name="Exif/Model" value="QCAM-AA"/>
          <property name="Exif/Orientation" value="1"/>
          <property name="Exif/ShutterSpeedValue" value="5.058"/>
          <property name="File/ImageHeight" value="3000"/>
          <property name="File/ImageWidth" value="4000"/>
          <property name="System/FileModifyDate" value="2021:05:01 21:11:09"/>
          <property name="System/FileSize" value="3239092"/>
        </meta>
      </photo>
    </camera>
    <camera camera_id="5">
      <photo path="../../../Images/JPG/IMG_20210501_211113.jpg">
        <meta>
          <property name="Exif/ApertureValue" value="1.67"/>
          <property name="Exif/DateTime" value="2021:05:01 21:11:13"/>
          <property name="Exif/DateTimeOriginal" value="2021:05:01 21:11:13"/>
          <property name="Exif/ExposureTime" value="0.030303"/>
          <property name="Exif/FNumber" value="1.79"/>
          <property name="Exif/FocalLength" value="4.28"/>
          <property name="Exif/FocalLengthIn35mmFilm" value="25"/>
          <property name="Exif/ISOSpeedRatings" value="1616"/>
          <property name="Exif/Make" value="realme"/>
          <property name="Exif/Model" value="QCAM-AA"/>
          <property name="Exif/Orientation" value="1"/>
          <property name="Exif/ShutterSpeedValue" value="5.058"/>
          <property name="File/ImageHeight" value="3000"/>
          <property name="File/ImageWidth" value="4000"/>
          <property name="System/FileModifyDate" value="2021:05:01 21:11:13"/>
          <property name="System/FileSize" value="3183528"/>
        </meta>
      </photo>
    </camera>
    <camera camera_id="6">
      <photo path="../../../Images/JPG/IMG_20210501_211118.jpg">
        <meta>
          <property name="Exif/ApertureValue" value="1.67"/>
          <property name="Exif/DateTime" value="2021:05:01 21:11:18"/>
          <property name="Exif/DateTimeOriginal" value="2021:05:01 21:11:18"/>
          <property name="Exif/ExposureTime" value="0.030303"/>
          <property name="Exif/FNumber" value="1.79"/>
          <property name="Exif/FocalLength" value="4.28"/>
          <property name="Exif/FocalLengthIn35mmFilm" value="25"/>
          <property name="Exif/ISOSpeedRatings" value="1616"/>
          <property name="Exif/Make" value="realme"/>
          <property name="Exif/Model" value="QCAM-AA"/>
          <property name="Exif/Orientation" value="1"/>
          <property name="Exif/ShutterSpeedValue" value="5.058"/>
          <property name="File/ImageHeight" value="3000"/>
          <property name="File/ImageWidth" value="4000"/>
          <property name="System/FileModifyDate" value="2021:05:01 21:11:18"/>
          <property name="System/FileSize" value="2733898"/>
        </meta>
      </photo>
    </camera>
    <camera camera_id="7">
      <photo path="../../../Images/JPG/IMG_20210501_211122.jpg">
        <meta>
          <property name="Exif/ApertureValue" value="1.67"/>
          <property name="Exif/DateTime" value="2021:05:01 21:11:22"/>
          <property name="Exif/DateTimeOriginal" value="2021:05:01 21:11:22"/>
          <property name="Exif/ExposureTime" value="0.030303"/>
          <property name="Exif/FNumber" value="1.79"/>
          <property name="Exif/FocalLength" value="4.28"/>
          <property name="Exif/FocalLengthIn35mmFilm" value="25"/>
          <property name="Exif/ISOSpeedRatings" value="1616"/>
          <property name="Exif/Make" value="realme"/>
          <property name="Exif/Model" value="QCAM-AA"/>
          <property name="Exif/Orientation" value="1"/>
          <property name="Exif/ShutterSpeedValue" value="5.058"/>
          <property name="File/ImageHeight" value="3000"/>
          <property name="File/ImageWidth" value="4000"/>
          <property name="System/FileModifyDate" value="2021:05:01 21:11:22"/>
          <property name="System/FileSize" value="2893028"/>
        </meta>
      </photo>
    </camera>
    <camera camera_id="8">
      <photo path="../../../Images/JPG/IMG_20210501_211127.jpg">
        <meta>
          <property name="Exif/ApertureValue" value="1.67"/>
          <property name="Exif/DateTime" value="2021:05:01 21:11:27"/>
          <property name="Exif/DateTimeOriginal" value="2021:05:01 21:11:27"/>
          <property name="Exif/ExposureTime" value="0.030303"/>
          <property name="Exif/FNumber" value="1.79"/>
          <property name="Exif/FocalLength" value="4.28"/>
          <property name="Exif/FocalLengthIn35mmFilm" value="25"/>
          <property name="Exif/ISOSpeedRatings" value="1616"/>
          <property name="Exif/Make" value="realme"/>
          <property name="Exif/Model" value="QCAM-AA"/>
          <property name="Exif/Orientation" value="1"/>
          <property name="Exif/ShutterSpeedValue" value="5.058"/>
          <property name="File/ImageHeight" value="3000"/>
          <property name="File/ImageWidth" value="4000"/>
          <property name="System/FileModifyDate" value="2021:05:01 21:11:27"/>
          <property name="System/FileSize" value="2860792"/>
        </meta>
      </photo>
    </camera>
    <camera camera_id="9">
      <photo path="../../../Images/JPG/IMG_20210501_211131.jpg">
        <meta>
          <property name="Exif/ApertureValue" value="1.67"/>
          <property name="Exif/DateTime" value="2021:05:01 21:11:31"/>
          <property name="Exif/DateTimeOriginal" value="2021:05:01 21:11:31"/>
          <property name="Exif/ExposureTime" value="0.030303"/>
          <property name="Exif/FNumber" value="1.79"/>
          <property name="Exif/FocalLength" value="4.28"/>
          <property name="Exif/FocalLengthIn35mmFilm" value="25"/>
          <property name="Exif/ISOSpeedRatings" value="1616"/>
          <property name="Exif/Make" value="realme"/>
          <property name="Exif/Model" value="QCAM-AA"/>
          <property name="Exif/Orientation" value="1"/>
          <property name="Exif/ShutterSpeedValue" value="5.058"/>
          <property name="File/ImageHeight" value="3000"/>
          <property name="File/ImageWidth" value="4000"/>
          <property name="System/FileModifyDate" value="2021:05:01 21:11:31"/>
          <property name="System/FileSize" value="2809296"/>
        </meta>
      </photo>
    </camera>
    <camera camera_id="10">
      <photo path="../../../Images/JPG/IMG_20210501_211136.jpg">
        <meta>
          <property name="Exif/ApertureValue" value="1.67"/>
          <property name="Exif/DateTime" value="2021:05:01 21:11:36"/>
          <property name="Exif/DateTimeOriginal" value="2021:05:01 21:11:36"/>
          <property name="Exif/ExposureTime" value="0.030303"/>
          <property name="Exif/FNumber" value="1.79"/>
          <property name="Exif/FocalLength" value="4.28"/>
          <property name="Exif/FocalLengthIn35mmFilm" value="25"/>
          <property name="Exif/ISOSpeedRatings" value="1616"/>
          <property name="Exif/Make" value="realme"/>
          <property name="Exif/Model" value="QCAM-AA"/>
          <property name="Exif/Orientation" value="1"/>
          <property name="Exif/ShutterSpeedValue" value="5.058"/>
          <property name="File/ImageHeight" value="3000"/>
          <property name="File/ImageWidth" value="4000"/>
          <property name="System/FileModifyDate" value="2021:05:01 21:11:36"/>
          <property name="System/FileSize" value="2471294"/>
        </meta>
      </photo>
    </camera>
    <camera camera_id="11">
      <photo path="../../../Images/JPG/IMG_20210501_211141.jpg">
        <meta>
          <property name="Exif/ApertureValue" value="1.67"/>
          <property name="Exif/DateTime" value="2021:05:01 21:11:40"/>
          <property name="Exif/DateTimeOriginal" value="2021:05:01 21:11:40"/>
          <property name="Exif/ExposureTime" value="0.030303"/>
          <property name="Exif/FNumber" value="1.79"/>
          <property name="Exif/FocalLength" value="4.28"/>
          <property name="Exif/FocalLengthIn35mmFilm" value="25"/>
          <property name="Exif/ISOSpeedRatings" value="1616"/>
          <property name="Exif/Make" value="realme"/>
          <property name="Exif/Model" value="QCAM-AA"/>
          <property name="Exif/Orientation" value="1"/>
          <property name="Exif/ShutterSpeedValue" value="5.058"/>
          <property name="File/ImageHeight" value="3000"/>
          <property name="File/ImageWidth" value="4000"/>
          <property name="System/FileModifyDate" value="2021:05:01 21:11:41"/>
          <property name="System/FileSize" value="2859775"/>
        </meta>
      </photo>
    </camera>
    <camera camera_id="12">
      <photo path="../../../Images/JPG/IMG_20210501_211146.jpg">
        <meta>
          <property name="Exif/ApertureValue" value="1.67"/>
          <property name="Exif/DateTime" value="2021:05:01 21:11:46"/>
          <property name="Exif/DateTimeOriginal" value="2021:05:01 21:11:46"/>
          <property name="Exif/ExposureTime" value="0.030303"/>
          <property name="Exif/FNumber" value="1.79"/>
          <property name="Exif/FocalLength" value="4.28"/>
          <property name="Exif/FocalLengthIn35mmFilm" value="25"/>
          <property name="Exif/ISOSpeedRatings" value="1616"/>
          <property name="Exif/Make" value="realme"/>
          <property name="Exif/Model" value="QCAM-AA"/>
          <property name="Exif/Orientation" value="1"/>
          <property name="Exif/ShutterSpeedValue" value="5.058"/>
          <property name="File/ImageHeight" value="3000"/>
          <property name="File/ImageWidth" value="4000"/>
          <property name="System/FileModifyDate" value="2021:05:01 21:11:46"/>
          <property name="System/FileSize" value="2809921"/>
        </meta>
      </photo>
    </camera>
    <camera camera_id="13">
      <photo path="../../../Images/JPG/IMG_20210501_211151.jpg">
        <meta>
          <property name="Exif/ApertureValue" value="1.67"/>
          <property name="Exif/DateTime" value="2021:05:01 21:11:51"/>
          <property name="Exif/DateTimeOriginal" value="2021:05:01 21:11:51"/>
          <property name="Exif/ExposureTime" value="0.030303"/>
          <property name="Exif/FNumber" value="1.79"/>
          <property name="Exif/FocalLength" value="4.28"/>
          <property name="Exif/FocalLengthIn35mmFilm" value="25"/>
          <property name="Exif/ISOSpeedRatings" value="1616"/>
          <property name="Exif/Make" value="realme"/>
          <property name="Exif/Model" value="QCAM-AA"/>
          <property name="Exif/Orientation" value="1"/>
          <property name="Exif/ShutterSpeedValue" value="5.058"/>
          <property name="File/ImageHeight" value="3000"/>
          <property name="File/ImageWidth" value="4000"/>
          <property name="System/FileModifyDate" value="2021:05:01 21:11:51"/>
          <property name="System/FileSize" value="2796019"/>
        </meta>
      </photo>
    </camera>
    <camera camera_id="14">
      <photo path="../../../Images/JPG/IMG_20210501_211156.jpg">
        <meta>
          <property name="Exif/ApertureValue" value="1.67"/>
          <property name="Exif/DateTime" value="2021:05:01 21:11:56"/>
          <property name="Exif/DateTimeOriginal" value="2021:05:01 21:11:56"/>
          <property name="Exif/ExposureTime" value="0.030303"/>
          <property name="Exif/FNumber" value="1.79"/>
          <property name="Exif/FocalLength" value="4.28"/>
          <property name="Exif/FocalLengthIn35mmFilm" value="25"/>
          <property name="Exif/ISOSpeedRatings" value="1616"/>
          <property name="Exif/Make" value="realme"/>
          <property name="Exif/Model" value="QCAM-AA"/>
          <property name="Exif/Orientation" value="1"/>
          <property name="Exif/ShutterSpeedValue" value="5.058"/>
          <property name="File/ImageHeight" value="3000"/>
          <property name="File/ImageWidth" value="4000"/>
          <property name="System/FileModifyDate" value="2021:05:01 21:11:56"/>
          <property name="System/FileSize" value="2817311"/>
        </meta>
      </photo>
    </camera>
    <camera camera_id="15">
      <photo path="../../../Images/JPG/IMG_20210501_211201.jpg">
        <meta>
          <property name="Exif/ApertureValue" value="1.67"/>
          <property name="Exif/DateTime" value="2021:05:01 21:12:01"/>
          <property name="Exif/DateTimeOriginal" value="2021:05:01 21:12:01"/>
          <property name="Exif/ExposureTime" value="0.030303"/>
          <property name="Exif/FNumber" value="1.79"/>
          <property name="Exif/FocalLength" value="4.28"/>
          <property name="Exif/FocalLengthIn35mmFilm" value="25"/>
          <property name="Exif/ISOSpeedRatings" value="1616"/>
          <property name="Exif/Make" value="realme"/>
          <property name="Exif/Model" value="QCAM-AA"/>
          <property name="Exif/Orientation" value="1"/>
          <property name="Exif/ShutterSpeedValue" value="5.058"/>
          <property name="File/ImageHeight" value="3000"/>
          <property name="File/ImageWidth" value="4000"/>
          <property name="System/FileModifyDate" value="2021:05:01 21:12:01"/>
          <property name="System/FileSize" value="2973624"/>
        </meta>
      </photo>
    </camera>
    <camera camera_id="16">
      <photo path="../../../Images/JPG/IMG_20210501_211207.jpg">
        <meta>
          <property name="Exif/ApertureValue" value="1.67"/>
          <property name="Exif/DateTime" value="2021:05:01 21:12:07"/>
          <property name="Exif/DateTimeOriginal" value="2021:05:01 21:12:07"/>
          <property name="Exif/ExposureTime" value="0.030303"/>
          <property name="Exif/FNumber" value="1.79"/>
          <property name="Exif/FocalLength" value="4.28"/>
          <property name="Exif/FocalLengthIn35mmFilm" value="25"/>
          <property name="Exif/ISOSpeedRatings" value="1616"/>
          <property name="Exif/Make" value="realme"/>
          <property name="Exif/Model" value="QCAM-AA"/>
          <property name="Exif/Orientation" value="1"/>
          <property name="Exif/ShutterSpeedValue" value="5.058"/>
          <property name="File/ImageHeight" value="3000"/>
          <property name="File/ImageWidth" value="4000"/>
          <property name="System/FileModifyDate" value="2021:05:01 21:12:07"/>
          <property name="System/FileSize" value="2966029"/>
        </meta>
      </photo>
    </camera>
    <camera camera_id="17">
      <photo path="../../../Images/JPG/IMG_20210501_211211.jpg">
        <meta>
          <property name="Exif/ApertureValue" value="1.67"/>
          <property name="Exif/DateTime" value="2021:05:01 21:12:11"/>
          <property name="Exif/DateTimeOriginal" value="2021:05:01 21:12:11"/>
          <property name="Exif/ExposureTime" value="0.030303"/>
          <property name="Exif/FNumber" value="1.79"/>
          <property name="Exif/FocalLength" value="4.28"/>
          <property name="Exif/FocalLengthIn35mmFilm" value="25"/>
          <property name="Exif/ISOSpeedRatings" value="1616"/>
          <property name="Exif/Make" value="realme"/>
          <property name="Exif/Model" value="QCAM-AA"/>
          <property name="Exif/Orientation" value="1"/>
          <property name="Exif/ShutterSpeedValue" value="5.058"/>
          <property name="File/ImageHeight" value="3000"/>
          <property name="File/ImageWidth" value="4000"/>
          <property name="System/FileModifyDate" value="2021:05:01 21:12:11"/>
          <property name="System/FileSize" value="3067656"/>
        </meta>
      </photo>
    </camera>
    <camera camera_id="18">
      <photo path="../../../Images/JPG/IMG_20210501_211216.jpg">
        <meta>
          <property name="Exif/ApertureValue" value="1.67"/>
          <property name="Exif/DateTime" value="2021:05:01 21:12:16"/>
          <property name="Exif/DateTimeOriginal" value="2021:05:01 21:12:16"/>
          <property name="Exif/ExposureTime" value="0.030303"/>
          <property name="Exif/FNumber" value="1.79"/>
          <property name="Exif/FocalLength" value="4.28"/>
          <property name="Exif/FocalLengthIn35mmFilm" value="25"/>
          <property name="Exif/ISOSpeedRatings" value="1616"/>
          <property name="Exif/Make" value="realme"/>
          <property name="Exif/Model" value="QCAM-AA"/>
          <property name="Exif/Orientation" value="1"/>
          <property name="Exif/ShutterSpeedValue" value="5.058"/>
          <property name="File/ImageHeight" value="3000"/>
          <property name="File/ImageWidth" value="4000"/>
          <property name="System/FileModifyDate" value="2021:05:01 21:12:16"/>
          <property name="System/FileSize" value="2918080"/>
        </meta>
      </photo>
    </camera>
    <camera camera_id="19">
      <photo path="../../../Images/JPG/IMG_20210501_211220.jpg">
        <meta>
          <property name="Exif/ApertureValue" value="1.67"/>
          <property name="Exif/DateTime" value="2021:05:01 21:12:20"/>
          <property name="Exif/DateTimeOriginal" value="2021:05:01 21:12:20"/>
          <property name="Exif/ExposureTime" value="0.030303"/>
          <property name="Exif/FNumber" value="1.79"/>
          <property name="Exif/FocalLength" value="4.28"/>
          <property name="Exif/FocalLengthIn35mmFilm" value="25"/>
          <property name="Exif/ISOSpeedRatings" value="1616"/>
          <property name="Exif/Make" value="realme"/>
          <property name="Exif/Model" value="QCAM-AA"/>
          <property name="Exif/Orientation" value="1"/>
          <property name="Exif/ShutterSpeedValue" value="5.058"/>
          <property name="File/ImageHeight" value="3000"/>
          <property name="File/ImageWidth" value="4000"/>
          <property name="System/FileModifyDate" value="2021:05:01 21:12:20"/>
          <property name="System/FileSize" value="2960499"/>
        </meta>
      </photo>
    </camera>
    <camera camera_id="20">
      <photo path="../../../Images/JPG/IMG_20210501_211227.jpg">
        <meta>
          <property name="Exif/ApertureValue" value="1.67"/>
          <property name="Exif/DateTime" value="2021:05:01 21:12:27"/>
          <property name="Exif/DateTimeOriginal" value="2021:05:01 21:12:27"/>
          <property name="Exif/ExposureTime" value="0.030303"/>
          <property name="Exif/FNumber" value="1.79"/>
          <property name="Exif/FocalLength" value="4.28"/>
          <property name="Exif/FocalLengthIn35mmFilm" value="25"/>
          <property name="Exif/ISOSpeedRatings" value="1616"/>
          <property name="Exif/Make" value="realme"/>
          <property name="Exif/Model" value="QCAM-AA"/>
          <property name="Exif/Orientation" value="1"/>
          <property name="Exif/ShutterSpeedValue" value="5.058"/>
          <property name="File/ImageHeight" value="3000"/>
          <property name="File/ImageWidth" value="4000"/>
          <property name="System/FileModifyDate" value="2021:05:01 21:12:27"/>
          <property name="System/FileSize" value="2957372"/>
        </meta>
      </photo>
    </camera>
    <camera camera_id="21">
      <photo path="../../../Images/JPG/IMG_20210501_211230.jpg">
        <meta>
          <property name="Exif/ApertureValue" value="1.67"/>
          <property name="Exif/DateTime" value="2021:05:01 21:12:30"/>
          <property name="Exif/DateTimeOriginal" value="2021:05:01 21:12:30"/>
          <property name="Exif/ExposureTime" value="0.030303"/>
          <property name="Exif/FNumber" value="1.79"/>
          <property name="Exif/FocalLength" value="4.28"/>
          <property name="Exif/FocalLengthIn35mmFilm" value="25"/>
          <property name="Exif/ISOSpeedRatings" value="1616"/>
          <property name="Exif/Make" value="realme"/>
          <property name="Exif/Model" value="QCAM-AA"/>
          <property name="Exif/Orientation" value="1"/>
          <property name="Exif/ShutterSpeedValue" value="5.058"/>
          <property name="File/ImageHeight" value="3000"/>
          <property name="File/ImageWidth" value="4000"/>
          <property name="System/FileModifyDate" value="2021:05:01 21:12:30"/>
          <property name="System/FileSize" value="2858960"/>
        </meta>
      </photo>
    </camera>
    <camera camera_id="22">
      <photo path="../../../Images/JPG/IMG_20210501_211235.jpg">
        <meta>
          <property name="Exif/ApertureValue" value="1.67"/>
          <property name="Exif/DateTime" value="2021:05:01 21:12:35"/>
          <property name="Exif/DateTimeOriginal" value="2021:05:01 21:12:35"/>
          <property name="Exif/ExposureTime" value="0.030303"/>
          <property name="Exif/FNumber" value="1.79"/>
          <property name="Exif/FocalLength" value="4.28"/>
          <property name="Exif/FocalLengthIn35mmFilm" value="25"/>
          <property name="Exif/ISOSpeedRatings" value="1616"/>
          <property name="Exif/Make" value="realme"/>
          <property name="Exif/Model" value="QCAM-AA"/>
          <property name="Exif/Orientation" value="1"/>
          <property name="Exif/ShutterSpeedValue" value="5.058"/>
          <property name="File/ImageHeight" value="3000"/>
          <property name="File/ImageWidth" value="4000"/>
          <property name="System/FileModifyDate" value="2021:05:01 21:12:35"/>
          <property name="System/FileSize" value="3050900"/>
        </meta>
      </photo>
    </camera>
    <camera camera_id="23">
      <photo path="../../../Images/JPG/IMG_20210501_211239.jpg">
        <meta>
          <property name="Exif/ApertureValue" value="1.67"/>
          <property name="Exif/DateTime" value="2021:05:01 21:12:39"/>
          <property name="Exif/DateTimeOriginal" value="2021:05:01 21:12:39"/>
          <property name="Exif/ExposureTime" value="0.030303"/>
          <property name="Exif/FNumber" value="1.79"/>
          <property name="Exif/FocalLength" value="4.28"/>
          <property name="Exif/FocalLengthIn35mmFilm" value="25"/>
          <property name="Exif/ISOSpeedRatings" value="1616"/>
          <property name="Exif/Make" value="realme"/>
          <property name="Exif/Model" value="QCAM-AA"/>
          <property name="Exif/Orientation" value="1"/>
          <property name="Exif/ShutterSpeedValue" value="5.058"/>
          <property name="File/ImageHeight" value="3000"/>
          <property name="File/ImageWidth" value="4000"/>
          <property name="System/FileModifyDate" value="2021:05:01 21:12:39"/>
          <property name="System/FileSize" value="3145616"/>
        </meta>
      </photo>
    </camera>
    <camera camera_id="24">
      <photo path="../../../Images/JPG/IMG_20210501_211244.jpg">
        <meta>
          <property name="Exif/ApertureValue" value="1.67"/>
          <property name="Exif/DateTime" value="2021:05:01 21:12:44"/>
          <property name="Exif/DateTimeOriginal" value="2021:05:01 21:12:44"/>
          <property name="Exif/ExposureTime" value="0.030303"/>
          <property name="Exif/FNumber" value="1.79"/>
          <property name="Exif/FocalLength" value="4.28"/>
          <property name="Exif/FocalLengthIn35mmFilm" value="25"/>
          <property name="Exif/ISOSpeedRatings" value="1616"/>
          <property name="Exif/Make" value="realme"/>
          <property name="Exif/Model" value="QCAM-AA"/>
          <property name="Exif/Orientation" value="1"/>
          <property name="Exif/ShutterSpeedValue" value="5.058"/>
          <property name="File/ImageHeight" value="3000"/>
          <property name="File/ImageWidth" value="4000"/>
          <property name="System/FileModifyDate" value="2021:05:01 21:12:44"/>
          <property name="System/FileSize" value="3105686"/>
        </meta>
      </photo>
    </camera>
    <camera camera_id="25">
      <photo path="../../../Images/JPG/IMG_20210501_211249.jpg">
        <meta>
          <property name="Exif/ApertureValue" value="1.67"/>
          <property name="Exif/DateTime" value="2021:05:01 21:12:49"/>
          <property name="Exif/DateTimeOriginal" value="2021:05:01 21:12:49"/>
          <property name="Exif/ExposureTime" value="0.030303"/>
          <property name="Exif/FNumber" value="1.79"/>
          <property name="Exif/FocalLength" value="4.28"/>
          <property name="Exif/FocalLengthIn35mmFilm" value="25"/>
          <property name="Exif/ISOSpeedRatings" value="1616"/>
          <property name="Exif/Make" value="realme"/>
          <property name="Exif/Model" value="QCAM-AA"/>
          <property name="Exif/Orientation" value="1"/>
          <property name="Exif/ShutterSpeedValue" value="5.058"/>
          <property name="File/ImageHeight" value="3000"/>
          <property name="File/ImageWidth" value="4000"/>
          <property name="System/FileModifyDate" value="2021:05:01 21:12:49"/>
          <property name="System/FileSize" value="3121429"/>
        </meta>
      </photo>
    </camera>
    <camera camera_id="26">
      <photo path="../../../Images/JPG/IMG_20210501_211254.jpg">
        <meta>
          <property name="Exif/ApertureValue" value="1.67"/>
          <property name="Exif/DateTime" value="2021:05:01 21:12:54"/>
          <property name="Exif/DateTimeOriginal" value="2021:05:01 21:12:54"/>
          <property name="Exif/ExposureTime" value="0.030303"/>
          <property name="Exif/FNumber" value="1.79"/>
          <property name="Exif/FocalLength" value="4.28"/>
          <property name="Exif/FocalLengthIn35mmFilm" value="25"/>
          <property name="Exif/ISOSpeedRatings" value="1616"/>
          <property name="Exif/Make" value="realme"/>
          <property name="Exif/Model" value="QCAM-AA"/>
          <property name="Exif/Orientation" value="1"/>
          <property name="Exif/ShutterSpeedValue" value="5.058"/>
          <property name="File/ImageHeight" value="3000"/>
          <property name="File/ImageWidth" value="4000"/>
          <property name="System/FileModifyDate" value="2021:05:01 21:12:54"/>
          <property name="System/FileSize" value="3040312"/>
        </meta>
      </photo>
    </camera>
    <camera camera_id="27">
      <photo path="../../../Images/JPG/IMG_20210501_211300.jpg">
        <meta>
          <property name="Exif/ApertureValue" value="1.67"/>
          <property name="Exif/DateTime" value="2021:05:01 21:13:00"/>
          <property name="Exif/DateTimeOriginal" value="2021:05:01 21:13:00"/>
          <property name="Exif/ExposureTime" value="0.030303"/>
          <property name="Exif/FNumber" value="1.79"/>
          <property name="Exif/FocalLength" value="4.28"/>
          <property name="Exif/FocalLengthIn35mmFilm" value="25"/>
          <property name="Exif/ISOSpeedRatings" value="1616"/>
          <property name="Exif/Make" value="realme"/>
          <property name="Exif/Model" value="QCAM-AA"/>
          <property name="Exif/Orientation" value="1"/>
          <property name="Exif/ShutterSpeedValue" value="5.058"/>
          <property name="File/ImageHeight" value="3000"/>
          <property name="File/ImageWidth" value="4000"/>
          <property name="System/FileModifyDate" value="2021:05:01 21:13:00"/>
          <property name="System/FileSize" value="3222951"/>
        </meta>
      </photo>
    </camera>
    <camera camera_id="28">
      <photo path="../../../Images/JPG/IMG_20210501_211304.jpg">
        <meta>
          <property name="Exif/ApertureValue" value="1.67"/>
          <property name="Exif/DateTime" value="2021:05:01 21:13:04"/>
          <property name="Exif/DateTimeOriginal" value="2021:05:01 21:13:04"/>
          <property name="Exif/ExposureTime" value="0.030303"/>
          <property name="Exif/FNumber" value="1.79"/>
          <property name="Exif/FocalLength" value="4.28"/>
          <property name="Exif/FocalLengthIn35mmFilm" value="25"/>
          <property name="Exif/ISOSpeedRatings" value="1616"/>
          <property name="Exif/Make" value="realme"/>
          <property name="Exif/Model" value="QCAM-AA"/>
          <property name="Exif/Orientation" value="1"/>
          <property name="Exif/ShutterSpeedValue" value="5.058"/>
          <property name="File/ImageHeight" value="3000"/>
          <property name="File/ImageWidth" value="4000"/>
          <property name="System/FileModifyDate" value="2021:05:01 21:13:04"/>
          <property name="System/FileSize" value="3017276"/>
        </meta>
      </photo>
    </camera>
    <camera camera_id="29">
      <photo path="../../../Images/JPG/IMG_20210501_211311.jpg">
        <meta>
          <property name="Exif/ApertureValue" value="1.67"/>
          <property name="Exif/DateTime" value="2021:05:01 21:13:11"/>
          <property name="Exif/DateTimeOriginal" value="2021:05:01 21:13:11"/>
          <property name="Exif/ExposureTime" value="0.030303"/>
          <property name="Exif/FNumber" value="1.79"/>
          <property name="Exif/FocalLength" value="4.28"/>
          <property name="Exif/FocalLengthIn35mmFilm" value="25"/>
          <property name="Exif/ISOSpeedRatings" value="1616"/>
          <property name="Exif/Make" value="realme"/>
          <property name="Exif/Model" value="QCAM-AA"/>
          <property name="Exif/Orientation" value="1"/>
          <property name="Exif/ShutterSpeedValue" value="5.058"/>
          <property name="File/ImageHeight" value="3000"/>
          <property name="File/ImageWidth" value="4000"/>
          <property name="System/FileModifyDate" value="2021:05:01 21:13:11"/>
          <property name="System/FileSize" value="2901223"/>
        </meta>
      </photo>
    </camera>
    <camera camera_id="30">
      <photo path="../../../Images/JPG/IMG_20210501_211316.jpg">
        <meta>
          <property name="Exif/ApertureValue" value="1.67"/>
          <property name="Exif/DateTime" value="2021:05:01 21:13:16"/>
          <property name="Exif/DateTimeOriginal" value="2021:05:01 21:13:16"/>
          <property name="Exif/ExposureTime" value="0.030303"/>
          <property name="Exif/FNumber" value="1.79"/>
          <property name="Exif/FocalLength" value="4.28"/>
          <property name="Exif/FocalLengthIn35mmFilm" value="25"/>
          <property name="Exif/ISOSpeedRatings" value="1616"/>
          <property name="Exif/Make" value="realme"/>
          <property name="Exif/Model" value="QCAM-AA"/>
          <property name="Exif/Orientation" value="1"/>
          <property name="Exif/ShutterSpeedValue" value="5.058"/>
          <property name="File/ImageHeight" value="3000"/>
          <property name="File/ImageWidth" value="4000"/>
          <property name="System/FileModifyDate" value="2021:05:01 21:13:16"/>
          <property name="System/FileSize" value="3073141"/>
        </meta>
      </photo>
    </camera>
    <camera camera_id="31">
      <photo path="../../../Images/JPG/IMG_20210501_211319.jpg">
        <meta>
          <property name="Exif/ApertureValue" value="1.67"/>
          <property name="Exif/DateTime" value="2021:05:01 21:13:19"/>
          <property name="Exif/DateTimeOriginal" value="2021:05:01 21:13:19"/>
          <property name="Exif/ExposureTime" value="0.030303"/>
          <property name="Exif/FNumber" value="1.79"/>
          <property name="Exif/FocalLength" value="4.28"/>
          <property name="Exif/FocalLengthIn35mmFilm" value="25"/>
          <property name="Exif/ISOSpeedRatings" value="1616"/>
          <property name="Exif/Make" value="realme"/>
          <property name="Exif/Model" value="QCAM-AA"/>
          <property name="Exif/Orientation" value="1"/>
          <property name="Exif/ShutterSpeedValue" value="5.058"/>
          <property name="File/ImageHeight" value="3000"/>
          <property name="File/ImageWidth" value="4000"/>
          <property name="System/FileModifyDate" value="2021:05:01 21:13:19"/>
          <property name="System/FileSize" value="2740344"/>
        </meta>
      </photo>
    </camera>
    <camera camera_id="32">
      <photo path="../../../Images/JPG/IMG_20210501_211322.jpg">
        <meta>
          <property name="Exif/ApertureValue" value="1.67"/>
          <property name="Exif/DateTime" value="2021:05:01 21:13:22"/>
          <property name="Exif/DateTimeOriginal" value="2021:05:01 21:13:22"/>
          <property name="Exif/ExposureTime" value="0.030303"/>
          <property name="Exif/FNumber" value="1.79"/>
          <property name="Exif/FocalLength" value="4.28"/>
          <property name="Exif/FocalLengthIn35mmFilm" value="25"/>
          <property name="Exif/ISOSpeedRatings" value="1616"/>
          <property name="Exif/Make" value="realme"/>
          <property name="Exif/Model" value="QCAM-AA"/>
          <property name="Exif/Orientation" value="1"/>
          <property name="Exif/ShutterSpeedValue" value="5.058"/>
          <property name="File/ImageHeight" value="3000"/>
          <property name="File/ImageWidth" value="4000"/>
          <property name="System/FileModifyDate" value="2021:05:01 21:13:22"/>
          <property name="System/FileSize" value="2955697"/>
        </meta>
      </photo>
    </camera>
    <camera camera_id="33">
      <photo path="../../../Images/JPG/IMG_20210501_211326.jpg">
        <meta>
          <property name="Exif/ApertureValue" value="1.67"/>
          <property name="Exif/DateTime" value="2021:05:01 21:13:26"/>
          <property name="Exif/DateTimeOriginal" value="2021:05:01 21:13:26"/>
          <property name="Exif/ExposureTime" value="0.030303"/>
          <property name="Exif/FNumber" value="1.79"/>
          <property name="Exif/FocalLength" value="4.28"/>
          <property name="Exif/FocalLengthIn35mmFilm" value="25"/>
          <property name="Exif/ISOSpeedRatings" value="1616"/>
          <property name="Exif/Make" value="realme"/>
          <property name="Exif/Model" value="QCAM-AA"/>
          <property name="Exif/Orientation" value="1"/>
          <property name="Exif/ShutterSpeedValue" value="5.058"/>
          <property name="File/ImageHeight" value="3000"/>
          <property name="File/ImageWidth" value="4000"/>
          <property name="System/FileModifyDate" value="2021:05:01 21:13:26"/>
          <property name="System/FileSize" value="2832565"/>
        </meta>
      </photo>
    </camera>
    <camera camera_id="34">
      <photo path="../../../Images/JPG/IMG_20210501_211329.jpg">
        <meta>
          <property name="Exif/ApertureValue" value="1.67"/>
          <property name="Exif/DateTime" value="2021:05:01 21:13:29"/>
          <property name="Exif/DateTimeOriginal" value="2021:05:01 21:13:29"/>
          <property name="Exif/ExposureTime" value="0.030303"/>
          <property name="Exif/FNumber" value="1.79"/>
          <property name="Exif/FocalLength" value="4.28"/>
          <property name="Exif/FocalLengthIn35mmFilm" value="25"/>
          <property name="Exif/ISOSpeedRatings" value="1616"/>
          <property name="Exif/Make" value="realme"/>
          <property name="Exif/Model" value="QCAM-AA"/>
          <property name="Exif/Orientation" value="1"/>
          <property name="Exif/ShutterSpeedValue" value="5.058"/>
          <property name="File/ImageHeight" value="3000"/>
          <property name="File/ImageWidth" value="4000"/>
          <property name="System/FileModifyDate" value="2021:05:01 21:13:29"/>
          <property name="System/FileSize" value="2868130"/>
        </meta>
      </photo>
    </camera>
    <camera camera_id="35">
      <photo path="../../../Images/JPG/IMG_20210501_211335.jpg">
        <meta>
          <property name="Exif/ApertureValue" value="1.67"/>
          <property name="Exif/DateTime" value="2021:05:01 21:13:35"/>
          <property name="Exif/DateTimeOriginal" value="2021:05:01 21:13:35"/>
          <property name="Exif/ExposureTime" value="0.030303"/>
          <property name="Exif/FNumber" value="1.79"/>
          <property name="Exif/FocalLength" value="4.28"/>
          <property name="Exif/FocalLengthIn35mmFilm" value="25"/>
          <property name="Exif/ISOSpeedRatings" value="1616"/>
          <property name="Exif/Make" value="realme"/>
          <property name="Exif/Model" value="QCAM-AA"/>
          <property name="Exif/Orientation" value="1"/>
          <property name="Exif/ShutterSpeedValue" value="5.058"/>
          <property name="File/ImageHeight" value="3000"/>
          <property name="File/ImageWidth" value="4000"/>
          <property name="System/FileModifyDate" value="2021:05:01 21:13:35"/>
          <property name="System/FileSize" value="2747590"/>
        </meta>
      </photo>
    </camera>
    <camera camera_id="36">
      <photo path="../../../Images/JPG/IMG_20210501_211338.jpg">
        <meta>
          <property name="Exif/ApertureValue" value="1.67"/>
          <property name="Exif/DateTime" value="2021:05:01 21:13:38"/>
          <property name="Exif/DateTimeOriginal" value="2021:05:01 21:13:38"/>
          <property name="Exif/ExposureTime" value="0.030303"/>
          <property name="Exif/FNumber" value="1.79"/>
          <property name="Exif/FocalLength" value="4.28"/>
          <property name="Exif/FocalLengthIn35mmFilm" value="25"/>
          <property name="Exif/ISOSpeedRatings" value="1616"/>
          <property name="Exif/Make" value="realme"/>
          <property name="Exif/Model" value="QCAM-AA"/>
          <property name="Exif/Orientation" value="1"/>
          <property name="Exif/ShutterSpeedValue" value="5.058"/>
          <property name="File/ImageHeight" value="3000"/>
          <property name="File/ImageWidth" value="4000"/>
          <property name="System/FileModifyDate" value="2021:05:01 21:13:38"/>
          <property name="System/FileSize" value="2661639"/>
        </meta>
      </photo>
    </camera>
    <camera camera_id="37">
      <photo path="../../../Images/JPG/IMG_20210501_211343.jpg">
        <meta>
          <property name="Exif/ApertureValue" value="1.67"/>
          <property name="Exif/DateTime" value="2021:05:01 21:13:43"/>
          <property name="Exif/DateTimeOriginal" value="2021:05:01 21:13:43"/>
          <property name="Exif/ExposureTime" value="0.030303"/>
          <property name="Exif/FNumber" value="1.79"/>
          <property name="Exif/FocalLength" value="4.28"/>
          <property name="Exif/FocalLengthIn35mmFilm" value="25"/>
          <property name="Exif/ISOSpeedRatings" value="1616"/>
          <property name="Exif/Make" value="realme"/>
          <property name="Exif/Model" value="QCAM-AA"/>
          <property name="Exif/Orientation" value="1"/>
          <property name="Exif/ShutterSpeedValue" value="5.058"/>
          <property name="File/ImageHeight" value="3000"/>
          <property name="File/ImageWidth" value="4000"/>
          <property name="System/FileModifyDate" value="2021:05:01 21:13:43"/>
          <property name="System/FileSize" value="2760483"/>
        </meta>
      </photo>
    </camera>
    <camera camera_id="38">
      <photo path="../../../Images/JPG/IMG_20210501_211349.jpg">
        <meta>
          <property name="Exif/ApertureValue" value="1.67"/>
          <property name="Exif/DateTime" value="2021:05:01 21:13:49"/>
          <property name="Exif/DateTimeOriginal" value="2021:05:01 21:13:49"/>
          <property name="Exif/ExposureTime" value="0.030303"/>
          <property name="Exif/FNumber" value="1.79"/>
          <property name="Exif/FocalLength" value="4.28"/>
          <property name="Exif/FocalLengthIn35mmFilm" value="25"/>
          <property name="Exif/ISOSpeedRatings" value="1616"/>
          <property name="Exif/Make" value="realme"/>
          <property name="Exif/Model" value="QCAM-AA"/>
          <property name="Exif/Orientation" value="1"/>
          <property name="Exif/ShutterSpeedValue" value="5.058"/>
          <property name="File/ImageHeight" value="3000"/>
          <property name="File/ImageWidth" value="4000"/>
          <property name="System/FileModifyDate" value="2021:05:01 21:13:49"/>
          <property name="System/FileSize" value="2849518"/>
        </meta>
      </photo>
    </camera>
    <camera camera_id="39">
      <photo path="../../../Images/JPG/IMG_20210501_211351.jpg">
        <meta>
          <property name="Exif/ApertureValue" value="1.67"/>
          <property name="Exif/DateTime" value="2021:05:01 21:13:51"/>
          <property name="Exif/DateTimeOriginal" value="2021:05:01 21:13:51"/>
          <property name="Exif/ExposureTime" value="0.030303"/>
          <property name="Exif/FNumber" value="1.79"/>
          <property name="Exif/FocalLength" value="4.28"/>
          <property name="Exif/FocalLengthIn35mmFilm" value="25"/>
          <property name="Exif/ISOSpeedRatings" value="1616"/>
          <property name="Exif/Make" value="realme"/>
          <property name="Exif/Model" value="QCAM-AA"/>
          <property name="Exif/Orientation" value="1"/>
          <property name="Exif/ShutterSpeedValue" value="5.058"/>
          <property name="File/ImageHeight" value="3000"/>
          <property name="File/ImageWidth" value="4000"/>
          <property name="System/FileModifyDate" value="2021:05:01 21:13:52"/>
          <property name="System/FileSize" value="2673497"/>
        </meta>
      </photo>
    </camera>
    <camera camera_id="40">
      <photo path="../../../Images/JPG/IMG_20210501_211355.jpg">
        <meta>
          <property name="Exif/ApertureValue" value="1.67"/>
          <property name="Exif/DateTime" value="2021:05:01 21:13:55"/>
          <property name="Exif/DateTimeOriginal" value="2021:05:01 21:13:55"/>
          <property name="Exif/ExposureTime" value="0.030303"/>
          <property name="Exif/FNumber" value="1.79"/>
          <property name="Exif/FocalLength" value="4.28"/>
          <property name="Exif/FocalLengthIn35mmFilm" value="25"/>
          <property name="Exif/ISOSpeedRatings" value="1616"/>
          <property name="Exif/Make" value="realme"/>
          <property name="Exif/Model" value="QCAM-AA"/>
          <property name="Exif/Orientation" value="1"/>
          <property name="Exif/ShutterSpeedValue" value="5.058"/>
          <property name="File/ImageHeight" value="3000"/>
          <property name="File/ImageWidth" value="4000"/>
          <property name="System/FileModifyDate" value="2021:05:01 21:13:55"/>
          <property name="System/FileSize" value="2487402"/>
        </meta>
      </photo>
    </camera>
    <camera camera_id="41">
      <photo path="../../../Images/JPG/IMG_20210501_211405.jpg">
        <meta>
          <property name="Exif/ApertureValue" value="1.67"/>
          <property name="Exif/DateTime" value="2021:05:01 21:14:05"/>
          <property name="Exif/DateTimeOriginal" value="2021:05:01 21:14:05"/>
          <property name="Exif/ExposureTime" value="0.030303"/>
          <property name="Exif/FNumber" value="1.79"/>
          <property name="Exif/FocalLength" value="4.28"/>
          <property name="Exif/FocalLengthIn35mmFilm" value="25"/>
          <property name="Exif/ISOSpeedRatings" value="1616"/>
          <property name="Exif/Make" value="realme"/>
          <property name="Exif/Model" value="QCAM-AA"/>
          <property name="Exif/Orientation" value="1"/>
          <property name="Exif/ShutterSpeedValue" value="5.058"/>
          <property name="File/ImageHeight" value="3000"/>
          <property name="File/ImageWidth" value="4000"/>
          <property name="System/FileModifyDate" value="2021:05:01 21:14:05"/>
          <property name="System/FileSize" value="3150518"/>
        </meta>
      </photo>
    </camera>
    <camera camera_id="42">
      <photo path="../../../Images/JPG/IMG_20210501_211409.jpg">
        <meta>
          <property name="Exif/ApertureValue" value="1.67"/>
          <property name="Exif/DateTime" value="2021:05:01 21:14:09"/>
          <property name="Exif/DateTimeOriginal" value="2021:05:01 21:14:09"/>
          <property name="Exif/ExposureTime" value="0.030303"/>
          <property name="Exif/FNumber" value="1.79"/>
          <property name="Exif/FocalLength" value="4.28"/>
          <property name="Exif/FocalLengthIn35mmFilm" value="25"/>
          <property name="Exif/ISOSpeedRatings" value="1616"/>
          <property name="Exif/Make" value="realme"/>
          <property name="Exif/Model" value="QCAM-AA"/>
          <property name="Exif/Orientation" value="1"/>
          <property name="Exif/ShutterSpeedValue" value="5.058"/>
          <property name="File/ImageHeight" value="3000"/>
          <property name="File/ImageWidth" value="4000"/>
          <property name="System/FileModifyDate" value="2021:05:01 21:14:09"/>
          <property name="System/FileSize" value="3140844"/>
        </meta>
      </photo>
    </camera>
    <camera camera_id="43">
      <photo path="../../../Images/JPG/IMG_20210501_211412.jpg">
        <meta>
          <property name="Exif/ApertureValue" value="1.67"/>
          <property name="Exif/DateTime" value="2021:05:01 21:14:12"/>
          <property name="Exif/DateTimeOriginal" value="2021:05:01 21:14:12"/>
          <property name="Exif/ExposureTime" value="0.030303"/>
          <property name="Exif/FNumber" value="1.79"/>
          <property name="Exif/FocalLength" value="4.28"/>
          <property name="Exif/FocalLengthIn35mmFilm" value="25"/>
          <property name="Exif/ISOSpeedRatings" value="1616"/>
          <property name="Exif/Make" value="realme"/>
          <property name="Exif/Model" value="QCAM-AA"/>
          <property name="Exif/Orientation" value="1"/>
          <property name="Exif/ShutterSpeedValue" value="5.058"/>
          <property name="File/ImageHeight" value="3000"/>
          <property name="File/ImageWidth" value="4000"/>
          <property name="System/FileModifyDate" value="2021:05:01 21:14:12"/>
          <property name="System/FileSize" value="3112933"/>
        </meta>
      </photo>
    </camera>
    <camera camera_id="44">
      <photo path="../../../Images/JPG/IMG_20210501_211416.jpg">
        <meta>
          <property name="Exif/ApertureValue" value="1.67"/>
          <property name="Exif/DateTime" value="2021:05:01 21:14:16"/>
          <property name="Exif/DateTimeOriginal" value="2021:05:01 21:14:16"/>
          <property name="Exif/ExposureTime" value="0.030303"/>
          <property name="Exif/FNumber" value="1.79"/>
          <property name="Exif/FocalLength" value="4.28"/>
          <property name="Exif/FocalLengthIn35mmFilm" value="25"/>
          <property name="Exif/ISOSpeedRatings" value="1616"/>
          <property name="Exif/Make" value="realme"/>
          <property name="Exif/Model" value="QCAM-AA"/>
          <property name="Exif/Orientation" value="1"/>
          <property name="Exif/ShutterSpeedValue" value="5.058"/>
          <property name="File/ImageHeight" value="3000"/>
          <property name="File/ImageWidth" value="4000"/>
          <property name="System/FileModifyDate" value="2021:05:01 21:14:16"/>
          <property name="System/FileSize" value="3179819"/>
        </meta>
      </photo>
    </camera>
    <camera camera_id="45">
      <photo path="../../../Images/JPG/IMG_20210501_211419.jpg">
        <meta>
          <property name="Exif/ApertureValue" value="1.67"/>
          <property name="Exif/DateTime" value="2021:05:01 21:14:19"/>
          <property name="Exif/DateTimeOriginal" value="2021:05:01 21:14:19"/>
          <property name="Exif/ExposureTime" value="0.030303"/>
          <property name="Exif/FNumber" value="1.79"/>
          <property name="Exif/FocalLength" value="4.28"/>
          <property name="Exif/FocalLengthIn35mmFilm" value="25"/>
          <property name="Exif/ISOSpeedRatings" value="1616"/>
          <property name="Exif/Make" value="realme"/>
          <property name="Exif/Model" value="QCAM-AA"/>
          <property name="Exif/Orientation" value="1"/>
          <property name="Exif/ShutterSpeedValue" value="5.058"/>
          <property name="File/ImageHeight" value="3000"/>
          <property name="File/ImageWidth" value="4000"/>
          <property name="System/FileModifyDate" value="2021:05:01 21:14:19"/>
          <property name="System/FileSize" value="3164349"/>
        </meta>
      </photo>
    </camera>
    <camera camera_id="46">
      <photo path="../../../Images/JPG/IMG_20210501_211423.jpg">
        <meta>
          <property name="Exif/ApertureValue" value="1.67"/>
          <property name="Exif/DateTime" value="2021:05:01 21:14:23"/>
          <property name="Exif/DateTimeOriginal" value="2021:05:01 21:14:23"/>
          <property name="Exif/ExposureTime" value="0.030303"/>
          <property name="Exif/FNumber" value="1.79"/>
          <property name="Exif/FocalLength" value="4.28"/>
          <property name="Exif/FocalLengthIn35mmFilm" value="25"/>
          <property name="Exif/ISOSpeedRatings" value="1616"/>
          <property name="Exif/Make" value="realme"/>
          <property name="Exif/Model" value="QCAM-AA"/>
          <property name="Exif/Orientation" value="1"/>
          <property name="Exif/ShutterSpeedValue" value="5.058"/>
          <property name="File/ImageHeight" value="3000"/>
          <property name="File/ImageWidth" value="4000"/>
          <property name="System/FileModifyDate" value="2021:05:01 21:14:23"/>
          <property name="System/FileSize" value="3195777"/>
        </meta>
      </photo>
    </camera>
    <camera camera_id="47">
      <photo path="../../../Images/JPG/IMG_20210501_211427.jpg">
        <meta>
          <property name="Exif/ApertureValue" value="1.67"/>
          <property name="Exif/DateTime" value="2021:05:01 21:14:27"/>
          <property name="Exif/DateTimeOriginal" value="2021:05:01 21:14:27"/>
          <property name="Exif/ExposureTime" value="0.030303"/>
          <property name="Exif/FNumber" value="1.79"/>
          <property name="Exif/FocalLength" value="4.28"/>
          <property name="Exif/FocalLengthIn35mmFilm" value="25"/>
          <property name="Exif/ISOSpeedRatings" value="1616"/>
          <property name="Exif/Make" value="realme"/>
          <property name="Exif/Model" value="QCAM-AA"/>
          <property name="Exif/Orientation" value="1"/>
          <property name="Exif/ShutterSpeedValue" value="5.058"/>
          <property name="File/ImageHeight" value="3000"/>
          <property name="File/ImageWidth" value="4000"/>
          <property name="System/FileModifyDate" value="2021:05:01 21:14:27"/>
          <property name="System/FileSize" value="3057732"/>
        </meta>
      </photo>
    </camera>
    <camera camera_id="48">
      <photo path="../../../Images/JPG/IMG_20210501_211430.jpg">
        <meta>
          <property name="Exif/ApertureValue" value="1.67"/>
          <property name="Exif/DateTime" value="2021:05:01 21:14:30"/>
          <property name="Exif/DateTimeOriginal" value="2021:05:01 21:14:30"/>
          <property name="Exif/ExposureTime" value="0.030303"/>
          <property name="Exif/FNumber" value="1.79"/>
          <property name="Exif/FocalLength" value="4.28"/>
          <property name="Exif/FocalLengthIn35mmFilm" value="25"/>
          <property name="Exif/ISOSpeedRatings" value="1616"/>
          <property name="Exif/Make" value="realme"/>
          <property name="Exif/Model" value="QCAM-AA"/>
          <property name="Exif/Orientation" value="1"/>
          <property name="Exif/ShutterSpeedValue" value="5.058"/>
          <property name="File/ImageHeight" value="3000"/>
          <property name="File/ImageWidth" value="4000"/>
          <property name="System/FileModifyDate" value="2021:05:01 21:14:30"/>
          <property name="System/FileSize" value="3088176"/>
        </meta>
      </photo>
    </camera>
    <camera camera_id="49">
      <photo path="../../../Images/JPG/IMG_20210501_211433.jpg">
        <meta>
          <property name="Exif/ApertureValue" value="1.67"/>
          <property name="Exif/DateTime" value="2021:05:01 21:14:33"/>
          <property name="Exif/DateTimeOriginal" value="2021:05:01 21:14:33"/>
          <property name="Exif/ExposureTime" value="0.030303"/>
          <property name="Exif/FNumber" value="1.79"/>
          <property name="Exif/FocalLength" value="4.28"/>
          <property name="Exif/FocalLengthIn35mmFilm" value="25"/>
          <property name="Exif/ISOSpeedRatings" value="1616"/>
          <property name="Exif/Make" value="realme"/>
          <property name="Exif/Model" value="QCAM-AA"/>
          <property name="Exif/Orientation" value="1"/>
          <property name="Exif/ShutterSpeedValue" value="5.058"/>
          <property name="File/ImageHeight" value="3000"/>
          <property name="File/ImageWidth" value="4000"/>
          <property name="System/FileModifyDate" value="2021:05:01 21:14:33"/>
          <property name="System/FileSize" value="2839748"/>
        </meta>
      </photo>
    </camera>
    <camera camera_id="50">
      <photo path="../../../Images/JPG/IMG_20210501_211435.jpg">
        <meta>
          <property name="Exif/ApertureValue" value="1.67"/>
          <property name="Exif/DateTime" value="2021:05:01 21:14:35"/>
          <property name="Exif/DateTimeOriginal" value="2021:05:01 21:14:35"/>
          <property name="Exif/ExposureTime" value="0.030303"/>
          <property name="Exif/FNumber" value="1.79"/>
          <property name="Exif/FocalLength" value="4.28"/>
          <property name="Exif/FocalLengthIn35mmFilm" value="25"/>
          <property name="Exif/ISOSpeedRatings" value="1616"/>
          <property name="Exif/Make" value="realme"/>
          <property name="Exif/Model" value="QCAM-AA"/>
          <property name="Exif/Orientation" value="1"/>
          <property name="Exif/ShutterSpeedValue" value="5.058"/>
          <property name="File/ImageHeight" value="3000"/>
          <property name="File/ImageWidth" value="4000"/>
          <property name="System/FileModifyDate" value="2021:05:01 21:14:35"/>
          <property name="System/FileSize" value="2638156"/>
        </meta>
      </photo>
    </camera>
    <camera camera_id="51">
      <photo path="../../../Images/JPG/IMG_20210501_211438.jpg">
        <meta>
          <property name="Exif/ApertureValue" value="1.67"/>
          <property name="Exif/DateTime" value="2021:05:01 21:14:38"/>
          <property name="Exif/DateTimeOriginal" value="2021:05:01 21:14:38"/>
          <property name="Exif/ExposureTime" value="0.030303"/>
          <property name="Exif/FNumber" value="1.79"/>
          <property name="Exif/FocalLength" value="4.28"/>
          <property name="Exif/FocalLengthIn35mmFilm" value="25"/>
          <property name="Exif/ISOSpeedRatings" value="1616"/>
          <property name="Exif/Make" value="realme"/>
          <property name="Exif/Model" value="QCAM-AA"/>
          <property name="Exif/Orientation" value="1"/>
          <property name="Exif/ShutterSpeedValue" value="5.058"/>
          <property name="File/ImageHeight" value="3000"/>
          <property name="File/ImageWidth" value="4000"/>
          <property name="System/FileModifyDate" value="2021:05:01 21:14:38"/>
          <property name="System/FileSize" value="2662632"/>
        </meta>
      </photo>
    </camera>
    <camera camera_id="52">
      <photo path="../../../Images/JPG/IMG_20210501_211441.jpg">
        <meta>
          <property name="Exif/ApertureValue" value="1.67"/>
          <property name="Exif/DateTime" value="2021:05:01 21:14:41"/>
          <property name="Exif/DateTimeOriginal" value="2021:05:01 21:14:41"/>
          <property name="Exif/ExposureTime" value="0.030303"/>
          <property name="Exif/FNumber" value="1.79"/>
          <property name="Exif/FocalLength" value="4.28"/>
          <property name="Exif/FocalLengthIn35mmFilm" value="25"/>
          <property name="Exif/ISOSpeedRatings" value="1616"/>
          <property name="Exif/Make" value="realme"/>
          <property name="Exif/Model" value="QCAM-AA"/>
          <property name="Exif/Orientation" value="1"/>
          <property name="Exif/ShutterSpeedValue" value="5.058"/>
          <property name="File/ImageHeight" value="3000"/>
          <property name="File/ImageWidth" value="4000"/>
          <property name="System/FileModifyDate" value="2021:05:01 21:14:41"/>
          <property name="System/FileSize" value="2742295"/>
        </meta>
      </photo>
    </camera>
    <camera camera_id="53">
      <photo path="../../../Images/JPG/IMG_20210501_211445.jpg">
        <meta>
          <property name="Exif/ApertureValue" value="1.67"/>
          <property name="Exif/DateTime" value="2021:05:01 21:14:45"/>
          <property name="Exif/DateTimeOriginal" value="2021:05:01 21:14:45"/>
          <property name="Exif/ExposureTime" value="0.030303"/>
          <property name="Exif/FNumber" value="1.79"/>
          <property name="Exif/FocalLength" value="4.28"/>
          <property name="Exif/FocalLengthIn35mmFilm" value="25"/>
          <property name="Exif/ISOSpeedRatings" value="1616"/>
          <property name="Exif/Make" value="realme"/>
          <property name="Exif/Model" value="QCAM-AA"/>
          <property name="Exif/Orientation" value="1"/>
          <property name="Exif/ShutterSpeedValue" value="5.058"/>
          <property name="File/ImageHeight" value="3000"/>
          <property name="File/ImageWidth" value="4000"/>
          <property name="System/FileModifyDate" value="2021:05:01 21:14:45"/>
          <property name="System/FileSize" value="2553927"/>
        </meta>
      </photo>
    </camera>
    <camera camera_id="54">
      <photo path="../../../Images/JPG/IMG_20210501_211449.jpg">
        <meta>
          <property name="Exif/ApertureValue" value="1.67"/>
          <property name="Exif/DateTime" value="2021:05:01 21:14:49"/>
          <property name="Exif/DateTimeOriginal" value="2021:05:01 21:14:49"/>
          <property name="Exif/ExposureTime" value="0.030303"/>
          <property name="Exif/FNumber" value="1.79"/>
          <property name="Exif/FocalLength" value="4.28"/>
          <property name="Exif/FocalLengthIn35mmFilm" value="25"/>
          <property name="Exif/ISOSpeedRatings" value="1616"/>
          <property name="Exif/Make" value="realme"/>
          <property name="Exif/Model" value="QCAM-AA"/>
          <property name="Exif/Orientation" value="1"/>
          <property name="Exif/ShutterSpeedValue" value="5.058"/>
          <property name="File/ImageHeight" value="3000"/>
          <property name="File/ImageWidth" value="4000"/>
          <property name="System/FileModifyDate" value="2021:05:01 21:14:49"/>
          <property name="System/FileSize" value="2799700"/>
        </meta>
      </photo>
    </camera>
    <camera camera_id="55">
      <photo path="../../../Images/JPG/IMG_20210501_211452.jpg">
        <meta>
          <property name="Exif/ApertureValue" value="1.67"/>
          <property name="Exif/DateTime" value="2021:05:01 21:14:52"/>
          <property name="Exif/DateTimeOriginal" value="2021:05:01 21:14:52"/>
          <property name="Exif/ExposureTime" value="0.030303"/>
          <property name="Exif/FNumber" value="1.79"/>
          <property name="Exif/FocalLength" value="4.28"/>
          <property name="Exif/FocalLengthIn35mmFilm" value="25"/>
          <property name="Exif/ISOSpeedRatings" value="1616"/>
          <property name="Exif/Make" value="realme"/>
          <property name="Exif/Model" value="QCAM-AA"/>
          <property name="Exif/Orientation" value="1"/>
          <property name="Exif/ShutterSpeedValue" value="5.058"/>
          <property name="File/ImageHeight" value="3000"/>
          <property name="File/ImageWidth" value="4000"/>
          <property name="System/FileModifyDate" value="2021:05:01 21:14:52"/>
          <property name="System/FileSize" value="2760389"/>
        </meta>
      </photo>
    </camera>
    <camera camera_id="56">
      <photo path="../../../Images/JPG/IMG_20210501_211456.jpg">
        <meta>
          <property name="Exif/ApertureValue" value="1.67"/>
          <property name="Exif/DateTime" value="2021:05:01 21:14:56"/>
          <property name="Exif/DateTimeOriginal" value="2021:05:01 21:14:56"/>
          <property name="Exif/ExposureTime" value="0.030303"/>
          <property name="Exif/FNumber" value="1.79"/>
          <property name="Exif/FocalLength" value="4.28"/>
          <property name="Exif/FocalLengthIn35mmFilm" value="25"/>
          <property name="Exif/ISOSpeedRatings" value="1616"/>
          <property name="Exif/Make" value="realme"/>
          <property name="Exif/Model" value="QCAM-AA"/>
          <property name="Exif/Orientation" value="1"/>
          <property name="Exif/ShutterSpeedValue" value="5.058"/>
          <property name="File/ImageHeight" value="3000"/>
          <property name="File/ImageWidth" value="4000"/>
          <property name="System/FileModifyDate" value="2021:05:01 21:14:56"/>
          <property name="System/FileSize" value="2668411"/>
        </meta>
      </photo>
    </camera>
    <camera camera_id="57">
      <photo path="../../../Images/JPG/IMG_20210501_211500.jpg">
        <meta>
          <property name="Exif/ApertureValue" value="1.67"/>
          <property name="Exif/DateTime" value="2021:05:01 21:15:00"/>
          <property name="Exif/DateTimeOriginal" value="2021:05:01 21:15:00"/>
          <property name="Exif/ExposureTime" value="0.030303"/>
          <property name="Exif/FNumber" value="1.79"/>
          <property name="Exif/FocalLength" value="4.28"/>
          <property name="Exif/FocalLengthIn35mmFilm" value="25"/>
          <property name="Exif/ISOSpeedRatings" value="1616"/>
          <property name="Exif/Make" value="realme"/>
          <property name="Exif/Model" value="QCAM-AA"/>
          <property name="Exif/Orientation" value="1"/>
          <property name="Exif/ShutterSpeedValue" value="5.058"/>
          <property name="File/ImageHeight" value="3000"/>
          <property name="File/ImageWidth" value="4000"/>
          <property name="System/FileModifyDate" value="2021:05:01 21:15:00"/>
          <property name="System/FileSize" value="2959909"/>
        </meta>
      </photo>
    </camera>
    <camera camera_id="58">
      <photo path="../../../Images/JPG/IMG_20210501_211504.jpg">
        <meta>
          <property name="Exif/ApertureValue" value="1.67"/>
          <property name="Exif/DateTime" value="2021:05:01 21:15:04"/>
          <property name="Exif/DateTimeOriginal" value="2021:05:01 21:15:04"/>
          <property name="Exif/ExposureTime" value="0.030303"/>
          <property name="Exif/FNumber" value="1.79"/>
          <property name="Exif/FocalLength" value="4.28"/>
          <property name="Exif/FocalLengthIn35mmFilm" value="25"/>
          <property name="Exif/ISOSpeedRatings" value="1616"/>
          <property name="Exif/Make" value="realme"/>
          <property name="Exif/Model" value="QCAM-AA"/>
          <property name="Exif/Orientation" value="1"/>
          <property name="Exif/ShutterSpeedValue" value="5.058"/>
          <property name="File/ImageHeight" value="3000"/>
          <property name="File/ImageWidth" value="4000"/>
          <property name="System/FileModifyDate" value="2021:05:01 21:15:04"/>
          <property name="System/FileSize" value="2512437"/>
        </meta>
      </photo>
    </camera>
    <camera camera_id="59">
      <photo path="../../../Images/JPG/IMG_20210501_211507.jpg">
        <meta>
          <property name="Exif/ApertureValue" value="1.67"/>
          <property name="Exif/DateTime" value="2021:05:01 21:15:07"/>
          <property name="Exif/DateTimeOriginal" value="2021:05:01 21:15:07"/>
          <property name="Exif/ExposureTime" value="0.030303"/>
          <property name="Exif/FNumber" value="1.79"/>
          <property name="Exif/FocalLength" value="4.28"/>
          <property name="Exif/FocalLengthIn35mmFilm" value="25"/>
          <property name="Exif/ISOSpeedRatings" value="1616"/>
          <property name="Exif/Make" value="realme"/>
          <property name="Exif/Model" value="QCAM-AA"/>
          <property name="Exif/Orientation" value="1"/>
          <property name="Exif/ShutterSpeedValue" value="5.058"/>
          <property name="File/ImageHeight" value="3000"/>
          <property name="File/ImageWidth" value="4000"/>
          <property name="System/FileModifyDate" value="2021:05:01 21:15:07"/>
          <property name="System/FileSize" value="2837123"/>
        </meta>
      </photo>
    </camera>
    <camera camera_id="60">
      <photo path="../../../Images/JPG/IMG_20210501_211510.jpg">
        <meta>
          <property name="Exif/ApertureValue" value="1.67"/>
          <property name="Exif/DateTime" value="2021:05:01 21:15:10"/>
          <property name="Exif/DateTimeOriginal" value="2021:05:01 21:15:10"/>
          <property name="Exif/ExposureTime" value="0.030303"/>
          <property name="Exif/FNumber" value="1.79"/>
          <property name="Exif/FocalLength" value="4.28"/>
          <property name="Exif/FocalLengthIn35mmFilm" value="25"/>
          <property name="Exif/ISOSpeedRatings" value="1616"/>
          <property name="Exif/Make" value="realme"/>
          <property name="Exif/Model" value="QCAM-AA"/>
          <property name="Exif/Orientation" value="1"/>
          <property name="Exif/ShutterSpeedValue" value="5.058"/>
          <property name="File/ImageHeight" value="3000"/>
          <property name="File/ImageWidth" value="4000"/>
          <property name="System/FileModifyDate" value="2021:05:01 21:15:11"/>
          <property name="System/FileSize" value="2953270"/>
        </meta>
      </photo>
    </camera>
    <camera camera_id="61">
      <photo path="../../../Images/JPG/IMG_20210501_211513.jpg">
        <meta>
          <property name="Exif/ApertureValue" value="1.67"/>
          <property name="Exif/DateTime" value="2021:05:01 21:15:13"/>
          <property name="Exif/DateTimeOriginal" value="2021:05:01 21:15:13"/>
          <property name="Exif/ExposureTime" value="0.030303"/>
          <property name="Exif/FNumber" value="1.79"/>
          <property name="Exif/FocalLength" value="4.28"/>
          <property name="Exif/FocalLengthIn35mmFilm" value="25"/>
          <property name="Exif/ISOSpeedRatings" value="1616"/>
          <property name="Exif/Make" value="realme"/>
          <property name="Exif/Model" value="QCAM-AA"/>
          <property name="Exif/Orientation" value="1"/>
          <property name="Exif/ShutterSpeedValue" value="5.058"/>
          <property name="File/ImageHeight" value="3000"/>
          <property name="File/ImageWidth" value="4000"/>
          <property name="System/FileModifyDate" value="2021:05:01 21:15:13"/>
          <property name="System/FileSize" value="2805668"/>
        </meta>
      </photo>
    </camera>
    <camera camera_id="62">
      <photo path="../../../Images/JPG/IMG_20210501_211516.jpg">
        <meta>
          <property name="Exif/ApertureValue" value="1.67"/>
          <property name="Exif/DateTime" value="2021:05:01 21:15:16"/>
          <property name="Exif/DateTimeOriginal" value="2021:05:01 21:15:16"/>
          <property name="Exif/ExposureTime" value="0.030303"/>
          <property name="Exif/FNumber" value="1.79"/>
          <property name="Exif/FocalLength" value="4.28"/>
          <property name="Exif/FocalLengthIn35mmFilm" value="25"/>
          <property name="Exif/ISOSpeedRatings" value="1616"/>
          <property name="Exif/Make" value="realme"/>
          <property name="Exif/Model" value="QCAM-AA"/>
          <property name="Exif/Orientation" value="1"/>
          <property name="Exif/ShutterSpeedValue" value="5.058"/>
          <property name="File/ImageHeight" value="3000"/>
          <property name="File/ImageWidth" value="4000"/>
          <property name="System/FileModifyDate" value="2021:05:01 21:15:16"/>
          <property name="System/FileSize" value="2875137"/>
        </meta>
      </photo>
    </camera>
    <camera camera_id="63">
      <photo path="../../../Images/JPG/IMG_20210501_211519.jpg">
        <meta>
          <property name="Exif/ApertureValue" value="1.67"/>
          <property name="Exif/DateTime" value="2021:05:01 21:15:19"/>
          <property name="Exif/DateTimeOriginal" value="2021:05:01 21:15:19"/>
          <property name="Exif/ExposureTime" value="0.030303"/>
          <property name="Exif/FNumber" value="1.79"/>
          <property name="Exif/FocalLength" value="4.28"/>
          <property name="Exif/FocalLengthIn35mmFilm" value="25"/>
          <property name="Exif/ISOSpeedRatings" value="1616"/>
          <property name="Exif/Make" value="realme"/>
          <property name="Exif/Model" value="QCAM-AA"/>
          <property name="Exif/Orientation" value="1"/>
          <property name="Exif/ShutterSpeedValue" value="5.058"/>
          <property name="File/ImageHeight" value="3000"/>
          <property name="File/ImageWidth" value="4000"/>
          <property name="System/FileModifyDate" value="2021:05:01 21:15:19"/>
          <property name="System/FileSize" value="3039767"/>
        </meta>
      </photo>
    </camera>
    <camera camera_id="64">
      <photo path="../../../Images/JPG/IMG_20210501_211523.jpg">
        <meta>
          <property name="Exif/ApertureValue" value="1.67"/>
          <property name="Exif/DateTime" value="2021:05:01 21:15:22"/>
          <property name="Exif/DateTimeOriginal" value="2021:05:01 21:15:22"/>
          <property name="Exif/ExposureTime" value="0.030303"/>
          <property name="Exif/FNumber" value="1.79"/>
          <property name="Exif/FocalLength" value="4.28"/>
          <property name="Exif/FocalLengthIn35mmFilm" value="25"/>
          <property name="Exif/ISOSpeedRatings" value="1616"/>
          <property name="Exif/Make" value="realme"/>
          <property name="Exif/Model" value="QCAM-AA"/>
          <property name="Exif/Orientation" value="1"/>
          <property name="Exif/ShutterSpeedValue" value="5.058"/>
          <property name="File/ImageHeight" value="3000"/>
          <property name="File/ImageWidth" value="4000"/>
          <property name="System/FileModifyDate" value="2021:05:01 21:15:23"/>
          <property name="System/FileSize" value="3244937"/>
        </meta>
      </photo>
    </camera>
    <camera camera_id="65">
      <photo path="../../../Images/JPG/IMG_20210501_211531.jpg">
        <meta>
          <property name="Exif/ApertureValue" value="1.67"/>
          <property name="Exif/DateTime" value="2021:05:01 21:15:31"/>
          <property name="Exif/DateTimeOriginal" value="2021:05:01 21:15:31"/>
          <property name="Exif/ExposureTime" value="0.030303"/>
          <property name="Exif/FNumber" value="1.79"/>
          <property name="Exif/FocalLength" value="4.28"/>
          <property name="Exif/FocalLengthIn35mmFilm" value="25"/>
          <property name="Exif/ISOSpeedRatings" value="1616"/>
          <property name="Exif/Make" value="realme"/>
          <property name="Exif/Model" value="QCAM-AA"/>
          <property name="Exif/Orientation" value="1"/>
          <property name="Exif/ShutterSpeedValue" value="5.058"/>
          <property name="File/ImageHeight" value="3000"/>
          <property name="File/ImageWidth" value="4000"/>
          <property name="System/FileModifyDate" value="2021:05:01 21:15:31"/>
          <property name="System/FileSize" value="3219637"/>
        </meta>
      </photo>
    </camera>
    <camera camera_id="66">
      <photo path="../../../Images/JPG/IMG_20210501_211536.jpg">
        <meta>
          <property name="Exif/ApertureValue" value="1.67"/>
          <property name="Exif/DateTime" value="2021:05:01 21:15:36"/>
          <property name="Exif/DateTimeOriginal" value="2021:05:01 21:15:36"/>
          <property name="Exif/ExposureTime" value="0.030303"/>
          <property name="Exif/FNumber" value="1.79"/>
          <property name="Exif/FocalLength" value="4.28"/>
          <property name="Exif/FocalLengthIn35mmFilm" value="25"/>
          <property name="Exif/ISOSpeedRatings" value="1616"/>
          <property name="Exif/Make" value="realme"/>
          <property name="Exif/Model" value="QCAM-AA"/>
          <property name="Exif/Orientation" value="1"/>
          <property name="Exif/ShutterSpeedValue" value="5.058"/>
          <property name="File/ImageHeight" value="3000"/>
          <property name="File/ImageWidth" value="4000"/>
          <property name="System/FileModifyDate" value="2021:05:01 21:15:36"/>
          <property name="System/FileSize" value="2919650"/>
        </meta>
      </photo>
    </camera>
    <camera camera_id="67">
      <photo path="../../../Images/JPG/IMG_20210501_211542.jpg">
        <meta>
          <property name="Exif/ApertureValue" value="1.67"/>
          <property name="Exif/DateTime" value="2021:05:01 21:15:42"/>
          <property name="Exif/DateTimeOriginal" value="2021:05:01 21:15:42"/>
          <property name="Exif/ExposureTime" value="0.030303"/>
          <property name="Exif/FNumber" value="1.79"/>
          <property name="Exif/FocalLength" value="4.28"/>
          <property name="Exif/FocalLengthIn35mmFilm" value="25"/>
          <property name="Exif/ISOSpeedRatings" value="1616"/>
          <property name="Exif/Make" value="realme"/>
          <property name="Exif/Model" value="QCAM-AA"/>
          <property name="Exif/Orientation" value="1"/>
          <property name="Exif/ShutterSpeedValue" value="5.058"/>
          <property name="File/ImageHeight" value="3000"/>
          <property name="File/ImageWidth" value="4000"/>
          <property name="System/FileModifyDate" value="2021:05:01 21:15:42"/>
          <property name="System/FileSize" value="2902459"/>
        </meta>
      </photo>
    </camera>
  </cameras>
  <thumbnails path="thumbnails/thumbnails.zip"/>
  <point_cloud path="point_cloud/point_cloud.zip"/>
  <depth_maps id="0" path="depth_maps/depth_maps.zip"/>
  <model id="0" path="model.1/model.zip"/>
</frame>
